{"train_accs": [0.04528186274509804, 0.10801470588235294, 0.1538357843137255, 0.18127859477124184, 0.20991830065359476, 0.24045343137254901, 0.2742238562091503, 0.30764705882352944, 0.33149918300653597, 0.3613643790849673, 0.3925980392156863, 0.42805147058823523, 0.45165032679738565, 0.47462826797385627, 0.5000857843137255, 0.5343259803921568, 0.5656658496732027, 0.5846568627450981, 0.622295751633987, 0.6344648692810457, 0.6599509803921568, 0.6765400326797386, 0.6979697712418301, 0.7041707516339869, 0.7251797385620915, 0.7375898692810458, 0.7512050653594772, 0.7585702614379085, 0.7689419934640522, 0.776748366013072, 0.7818831699346405, 0.7885049019607843, 0.79828022875817, 0.8023978758169935, 0.8033169934640523], "train_losses": [4.2415729239096045, 3.5972282621595593, 3.2785209534214994, 3.11986114308725, 2.9475206175660777, 2.7950858212763965, 2.641154703751109, 2.50575725860845, 2.3713242337594624, 2.2806081327737546, 2.1089014858981363, 1.9890677851009992, 1.8839770360709795, 1.8215995614045586, 1.68440885948979, 1.5575396056268729, 1.4626796627356335, 1.3695563529831132, 1.2451456594311334, 1.1812449826134577, 1.1176219189089107, 1.0370126467904235, 0.9846343444842919, 0.9353824440949883, 0.8794392787553127, 0.8181575700348499, 0.8016057248209038, 0.7523447429043015, 0.7179164309906804, 0.7022872130855237, 0.6859355358516469, 0.6574742509648691, 0.627430786883909, 0.6160355673895942, 0.6045781911588183]}